match_id,blue_champ_1,blue_champ_2,blue_champ_3,blue_champ_4,blue_champ_5,red_champ_1,red_champ_2,red_champ_3,red_champ_4,red_champ_5,blue_team_won
EUW1_6847956257,Darius,Fiora,Smolder,Udyr,Zyra,Aatrox,Hecarim,Kassadin,Senna,Zilean,1
EUW1_7185437818,Akali,Ashe,Darius,Kindred,Nami,Caitlyn,Lulu,Swain,Teemo,Vi,0
EUW1_7188432093,Brand,Caitlyn,Garen,Irelia,Morgana,Corki,Gnar,Kindred,Lissandra,Nautilus,0
EUW1_7188484301,Corki,Galio,Nautilus,Sett,Skarner,JarvanIV,KogMaw,Maokai,Pyke,Syndra,0
EUW1_7188537539,Ezreal,Lux,Malphite,Viego,Xerath,Caitlyn,Evelynn,Nautilus,Swain,TwistedFate,1
EUW1_7188574191,Caitlyn,Galio,KSante,Karma,Rammus,Camille,Corki,Nautilus,Sylas,Vi,1
EUW1_7188647980,Fiora,Smolder,Thresh,Viego,Vladimir,Ambessa,Ezreal,Leblanc,MonkeyKing,Senna,1
EUW1_7188705474,Amumu,DrMundo,Jayce,Jhin,Poppy,Ambessa,Corki,Karma,MonkeyKing,Senna,0
EUW1_7188820948,Caitlyn,Mordekaiser,Nautilus,Sylas,Viego,Corki,Elise,Jayce,Leblanc,Taric,0
EUW1_7188877537,Chogath,Kalista,Karma,MonkeyKing,Nautilus,Ahri,Ashe,Nocturne,Ornn,Rell,0
EUW1_7188940107,Corki,Galio,Nautilus,Nocturne,TahmKench,Ahri,Caitlyn,Chogath,Nami,Vi,1
EUW1_7189006290,Corki,Lissandra,Nautilus,TahmKench,Viego,Caitlyn,Karma,Sion,Skarner,Ziggs,1
EUW1_7189084306,Caitlyn,Galio,Nautilus,Nocturne,TahmKench,Aatrox,Janna,Kaisa,Khazix,Veigar,1
EUW1_7189151938,Caitlyn,Milio,Shaco,Shen,Veigar,Corki,MasterYi,Senna,Syndra,Volibear,0
EUW1_7189204348,Renekton,Smolder,Teemo,TwistedFate,Xerath,Chogath,Kayle,Lulu,Nunu,Zeri,0
EUW1_7213234513,Aatrox,Corki,Galio,Talon,Vex,Jhin,Karma,Riven,Ryze,Shaco,0
EUW1_7213288073,Ahri,Chogath,Kaisa,Kayn,Senna,Aurora,Illaoi,Neeko,Nocturne,Seraphine,1
EUW1_7214989125,Darius,Jhin,Malzahar,Pyke,Skarner,Ahri,Corki,Maokai,Nautilus,Shyvana,0
EUW1_7215069125,Kalista,Mordekaiser,Pyke,Qiyana,Viego,Chogath,Diana,Jhin,Lux,Malzahar,0
EUW1_7220047055,Ambessa,Brand,Jhin,Kayn,Malzahar,Darius,Olaf,Shyvana,Smolder,Velkoz,1
EUW1_7220172327,Diana,Kaisa,Leona,Nasus,Yasuo,Caitlyn,Camille,Ekko,Lux,Malzahar,1
EUW1_7220239287,Alistar,Jayce,Kayn,Malzahar,MissFortune,Akshan,DrMundo,Smolder,Sona,Viego,0
EUW1_7220292779,Anivia,Karma,Kayn,Seraphine,TahmKench,Caitlyn,Gangplank,Swain,Warwick,Zed,0
EUW1_7222559696,Draven,Janna,Swain,Teemo,Warwick,Ashe,Aurora,Lulu,Shaco,Sion,1
EUW1_7229350105,Caitlyn,Milio,Sylas,Twitch,Volibear,Diana,Janna,Poppy,Yone,Zeri,1
EUW1_7237322654,Darius,FiddleSticks,Lulu,Twitch,Zed,Evelynn,Jinx,Morgana,Sett,Viktor,1
EUW1_7245960997,Azir,Chogath,Elise,MissFortune,Seraphine,Gragas,Kaisa,Karma,Nocturne,Xerath,0
EUW1_7250993399,Ashe,MasterYi,Senna,Volibear,Zed,Nocturne,Pantheon,Sett,Smolder,Ziggs,0
EUW1_7251057719,Ambessa,Amumu,Caitlyn,Fizz,Pyke,Akali,MissFortune,Nautilus,Ornn,Senna,0
EUW1_7251121515,Akali,Brand,Caitlyn,Garen,Rengar,DrMundo,Lucian,Lux,Vex,Viego,0
EUW1_7251196523,Alistar,Ashe,Chogath,Malzahar,Viego,Ahri,Amumu,Sion,Vayne,Yuumi,0
EUW1_7264999401,Ahri,Kayn,MonkeyKing,TahmKench,Varus,Amumu,Caitlyn,Diana,DrMundo,Milio,0
EUW1_7296254011,Garen,JarvanIV,Jinx,Mel,Poppy,Amumu,Galio,Kayle,Twitch,Yuumi,0
EUW1_7296286622,Ahri,Corki,Senna,Talon,Trundle,Diana,Jayce,Twitch,Viktor,Yuumi,0
EUW1_7296289396,Kayle,Kayn,Lux,Twitch,Yuumi,Azir,Camille,Jinx,MonkeyKing,Pantheon,1
EUW1_7296311584,Elise,Fizz,Kayle,Twitch,Yuumi,Galio,Garen,Jinx,Kindred,Lulu,1
EUW1_7297109637,Kaisa,Nidalee,Pyke,Sett,Syndra,Ahri,MonkeyKing,Pantheon,TwistedFate,Velkoz,0
EUW1_7297139206,JarvanIV,Syndra,Teemo,Twitch,Yuumi,Anivia,Cassiopeia,Diana,Nami,Varus,0
EUW1_7297205732,Blitzcrank,JarvanIV,Kaisa,Naafiri,Pantheon,Shen,Soraka,Veigar,Vladimir,XinZhao,1
EUW1_7298835903,AurelionSol,KogMaw,Maokai,Sylas,Vayne,Gangplank,KSante,Khazix,Sona,Vex,1
EUW1_7298860937,Blitzcrank,Khazix,Neeko,TahmKench,Viktor,Graves,Rell,Sona,Velkoz,Xayah,1
EUW1_7298862361,Darius,Kalista,Mel,Velkoz,Xerath,Chogath,Draven,Kaisa,LeeSin,Zoe,1
EUW1_7298891089,Jinx,Lulu,Pantheon,Renekton,Yorick,Caitlyn,Mel,Nami,Sejuani,Zilean,0
EUW1_7298921618,Garen,KogMaw,Leblanc,Mel,Nocturne,Aurora,Hecarim,Lulu,Twitch,Viktor,0
EUW1_7298960877,Aurora,Shen,TahmKench,Varus,Vi,Ahri,Karma,Lulu,Pantheon,Twitch,1
EUW1_7299001200,Ambessa,Aurora,Skarner,Twitch,Yuumi,Amumu,Bard,Shen,Zed,Ziggs,1
EUW1_7299069297,DrMundo,Jax,Malphite,Twitch,Yuumi,Amumu,Aphelios,Renekton,Sona,Sylas,1
EUW1_7299117905,Ahri,FiddleSticks,Nautilus,Pantheon,Sett,Jayce,Nunu,Twitch,Veigar,Yuumi,1
EUW1_7299157905,Ezreal,Hecarim,Kayle,Syndra,Thresh,Ahri,Diana,Jax,Twitch,Yuumi,0
EUW1_7299210345,Irelia,Ryze,Twitch,Yuumi,Zac,FiddleSticks,Mel,Nami,Ornn,Yone,1
EUW1_7299492337,Caitlyn,Chogath,Illaoi,Mel,Sejuani,Aphelios,Chogath,Gwen,Lux,Mel,0
EUW1_7299547791,Mordekaiser,Rell,Rengar,Xayah,Zoe,Draven,Garen,Maokai,Sion,Yasuo,1
EUW1_7314142395,Aurora,Darius,Ezreal,Leona,Pantheon,Kaisa,MasterYi,Seraphine,Sett,Swain,1
EUW1_7314155652,Akali,Kaisa,MasterYi,Mel,Volibear,Darius,Kaisa,Sett,Swain,Yone,0
EUW1_7348306793,Azir,Ezreal,Fiora,Karma,Naafiri,Ashe,Ivern,Quinn,Tristana,Zyra,1
EUW1_7348574010,Brand,Ezreal,Lux,Shaco,Sion,Blitzcrank,Jhin,LeeSin,Shen,TwistedFate,0
EUW1_7348601826,Gragas,Jhin,LeeSin,Lux,Nautilus,Ekko,Jayce,Swain,Tristana,Viktor,1
EUW1_7349074819,Gwen,Jayce,Rell,Singed,Yasuo,Gragas,Jhin,Kayle,Smolder,Sylas,0
EUW1_7349082415,Aurora,Bard,Corki,LeeSin,Orianna,Kayle,Nami,Neeko,Varus,Vi,0
EUW1_7349370729,Brand,Neeko,Pantheon,Vayne,Volibear,Corki,Kayn,Nami,Seraphine,Sion,0
EUW1_7349952527,Brand,MonkeyKing,Nami,Sion,Yone,Chogath,JarvanIV,Lulu,Sivir,Taliyah,0
EUW1_7351469059,Ahri,Ezreal,Gwen,Lux,Sion,Hecarim,Jinx,Neeko,Pantheon,Veigar,0
EUW1_7352134244,Akali,Azir,Lux,Malphite,Rengar,Anivia,Jinx,Kayn,Mel,Riven,1
EUW1_7354279671,AurelionSol,Singed,Thresh,Udyr,Varus,Galio,Gwen,Kaisa,Sion,Xerath,0
EUW1_7355762658,Camille,Kaisa,Leblanc,Leona,Lillia,Corki,Jax,Naafiri,Nami,Volibear,0
EUW1_7355795506,Chogath,Lucian,Milio,Nocturne,Velkoz,Diana,Jhin,Nami,Olaf,Xerath,1
EUW1_7356638093,Ekko,Graves,Jhin,Leblanc,Trundle,Janna,Sion,Vayne,Volibear,Zed,1
EUW1_7357141340,Corki,Galio,Ivern,LeeSin,Riven,Elise,Gangplank,Volibear,Xayah,XinZhao,0
EUW1_7357179384,Anivia,Kaisa,Mel,Nami,Vi,Camille,Draven,Gwen,Janna,Yasuo,0
EUW1_7357467477,Ahri,AurelionSol,Nasus,Vi,Yorick,Irelia,Kindred,Renata,Shaco,Sivir,1
EUW1_7357659104,Malphite,Milio,Nidalee,Nilah,Yasuo,Diana,Kaisa,LeeSin,Neeko,Yone,1
EUW1_7359662606,Ahri,DrMundo,Ezreal,Rell,Vayne,Ekko,Kayn,Lucian,Nami,Rengar,0
EUW1_7359959984,Karthus,Renata,Renekton,Sona,Yasuo,Graves,Nami,Rammus,Senna,Viktor,0
EUW1_7360003766,Chogath,Heimerdinger,Poppy,Swain,Zoe,Aphelios,Ashe,Malphite,Orianna,Syndra,1
EUW1_7360663445,Ahri,Ashe,Jayce,Nami,Vi,Corki,Elise,Gwen,Katarina,Sion,0
EUW1_7360699468,Belveth,Kaisa,Leblanc,Nautilus,Sejuani,Aatrox,Jayce,Talon,Thresh,Zyra,1
EUW1_7361305674,Annie,Caitlyn,Gangplank,Lux,Viego,Diana,Jinx,LeeSin,Velkoz,Yasuo,0
EUW1_7361349545,Gangplank,Leona,MasterYi,Twitch,Ziggs,Ahri,Rakan,Shaco,Sion,Xayah,0
EUW1_7361391967,Gragas,Kalista,Kindred,Nautilus,Talon,Diana,Ekko,Riven,Vex,Zed,1
EUW1_7361786840,Milio,MissFortune,Sylas,Volibear,Yone,Gragas,Jhin,Nami,Syndra,Vi,1
EUW1_7362012438,Jinx,Orianna,Qiyana,Thresh,Vladimir,Nautilus,Ryze,Sivir,Talon,Veigar,1
EUW1_7362071821,Ekko,Jax,MissFortune,Rakan,Sejuani,Akshan,FiddleSticks,Kaisa,Malphite,Thresh,0
EUW1_7362726101,Brand,Nautilus,Smolder,Swain,Urgot,Corki,Garen,Hwei,Nami,Sejuani,1
EUW1_7362753219,Jhin,Karma,Kindred,Ornn,Taliyah,Gnar,Hecarim,Kaisa,Mel,Yuumi,1
EUW1_7362821063,Kayn,Lulu,Sett,Tristana,Xerath,Amumu,Hwei,Pantheon,Samira,Yorick,1
EUW1_7362854874,Nasus,Quinn,Shaco,Ziggs,Zilean,Hecarim,Irelia,Kaisa,Leblanc,Nautilus,1
EUW1_7362888858,Galio,JarvanIV,Lux,Sett,Syndra,Azir,Kindred,Lissandra,Tristana,Warwick,1
EUW1_7362922465,Darius,Fizz,Jinx,Sett,Thresh,Bard,Gwen,Katarina,Teemo,Xayah,0
EUW1_7363098437,Darius,Sona,Taliyah,Talon,Varus,Leona,Lux,Naafiri,Volibear,Zeri,0
EUW1_7363156941,Draven,Jayce,Velkoz,Vex,Vi,Akshan,Elise,Jinx,Mordekaiser,Thresh,0
EUW1_7363213938,Anivia,Karma,Malphite,Shaco,Vayne,Akshan,Irelia,JarvanIV,Jinx,Lulu,1
EUW1_7363263020,Gwen,Lux,Nami,Shen,Zeri,Akali,Alistar,Draven,Hecarim,Yone,1
EUW1_7363570702,Ahri,Briar,Ezreal,Gangplank,Soraka,Jhin,Neeko,Shaco,Viktor,Yasuo,1
EUW1_7363861753,Akshan,Smolder,Soraka,Urgot,Zyra,Brand,Lissandra,Pantheon,Twitch,Yuumi,1
EUW1_7363895236,Nocturne,Soraka,Sylas,Tristana,Trundle,Ashe,Azir,Kindred,Seraphine,Urgot,1
EUW1_7366144102,Diana,Irelia,Jinx,Rell,Volibear,Lillia,Lucian,Nautilus,Renekton,Viktor,1
EUW1_7366186009,Jinx,Karma,Orianna,Renata,Talon,Graves,Kaisa,Kennen,Lissandra,Veigar,0
EUW1_7366236566,Caitlyn,Camille,Kassadin,Sona,Yorick,Ahri,Bard,FiddleSticks,Renekton,Sivir,1
EUW1_7366275410,Jayce,LeeSin,Lux,Syndra,Urgot,Ahri,Elise,Gangplank,Tristana,Viego,0
EUW1_7366321753,Ashe,Kayle,Sylas,XinZhao,Ziggs,Illaoi,LeeSin,Lux,Malzahar,Orianna,0
EUW1_7366363046,Chogath,Fizz,Nocturne,Thresh,Varus,Kaisa,Nami,Sett,Sylas,Vi,0
EUW1_7366402261,Graves,Jax,Jinx,Mel,Qiyana,Kayle,Lux,Malzahar,MonkeyKing,Yasuo,0
EUW1_7367370483,Illaoi,Soraka,Syndra,Vex,Viktor,Blitzcrank,Gnar,Malzahar,Sett,Xerath,1
EUW1_7368524338,Naafiri,Poppy,Shaco,Syndra,Xayah,Diana,KSante,Kaisa,Nautilus,Tristana,0
EUW1_7368565978,Corki,Pantheon,Renata,Singed,Varus,Galio,Jhin,Kindred,Rell,Yone,1
EUW1_7371921283,LeeSin,Nautilus,Volibear,Xayah,Zoe,Ashe,Gwen,RekSai,Shaco,Taliyah,1
EUW1_7371966175,Aphelios,Diana,KSante,Kindred,Lulu,Kalista,Nautilus,Olaf,Velkoz,Viego,0
EUW1_7373656653,Briar,Gwen,Janna,Jinx,Yone,Darius,Kaisa,Lulu,Sylas,Vi,0
EUW1_7374274438,Braum,Corki,Gnar,Varus,Volibear,Jinx,Nautilus,Talon,Vayne,Zac,0
EUW1_7374679916,Alistar,Ambessa,Ashe,Aurora,Yorick,Ezreal,Gangplank,MasterYi,Morgana,Viktor,0
EUW1_7374712088,Jayce,Kaisa,Lulu,MasterYi,Sylas,Cassiopeia,Kalista,Kayle,Sejuani,Yasuo,1
EUW1_7375794361,Kaisa,Nautilus,Nocturne,Orianna,Yone,Ahri,Shyvana,Sion,Thresh,Tristana,1
EUW1_7375842634,Amumu,Darius,Janna,Tristana,Vex,Aatrox,Kaisa,Nautilus,Nocturne,Orianna,0
EUW1_7376242782,Akali,Amumu,Lulu,Renekton,Twitch,Akshan,Garen,JarvanIV,Seraphine,Sona,1
EUW1_7376272219,Leona,MasterYi,Seraphine,Sett,Viktor,Brand,Nautilus,Ornn,Tristana,Zilean,1
EUW1_7378099882,Brand,Lissandra,MissFortune,Sion,Warwick,Darius,Gangplank,Mel,Morgana,Ryze,1
EUW1_7378894548,Elise,Ezreal,Trundle,Velkoz,Zilean,Nasus,Nunu,Senna,Sion,Veigar,0
EUW1_7379526396,Pantheon,Talon,Tryndamere,Velkoz,Vladimir,Chogath,Gangplank,Ivern,Maokai,XinZhao,1
EUW1_7379551173,FiddleSticks,Lucian,Sejuani,Swain,Zed,Nami,Pantheon,Teemo,Xayah,XinZhao,1
EUW1_7379582549,Ahri,Jhin,Tryndamere,Veigar,Zed,Alistar,Brand,Ivern,Kaisa,Talon,0
EUW1_7379608158,DrMundo,Ezreal,Karma,Kayn,Malzahar,Alistar,Corki,Nunu,Singed,Tristana,1
EUW1_7379645178,Ambessa,Ezreal,JarvanIV,Nidalee,Taliyah,Draven,KSante,Nautilus,TwistedFate,Viego,0
EUW1_7379827184,Annie,Gangplank,Jinx,Lulu,Talon,Ahri,Bard,Darius,Sion,Sivir,0
EUW1_7380177049,Ahri,Ashe,JarvanIV,Shen,Yasuo,Amumu,Poppy,Taliyah,Vayne,Viego,1
EUW1_7380223469,Diana,Senna,Singed,Vayne,Yorick,Akali,Ashe,Nocturne,Pyke,Volibear,0
EUW1_7380266544,Ahri,Annie,Graves,Janna,Samira,Akshan,Kaisa,Talon,Viego,Zilean,1
EUW1_7380560557,Fizz,Garen,Jhin,Kindred,Soraka,Hecarim,Hwei,Kaisa,Pantheon,Xerath,1
EUW1_7380589330,Gwen,Jinx,Mel,Warwick,Zyra,Draven,Janna,Nunu,Ornn,Syndra,0
EUW1_7380902733,Alistar,Corki,Ezreal,Khazix,Teemo,Akshan,Janna,Kaisa,LeeSin,Riven,1
EUW1_7380935685,Karma,Mel,Riven,Shyvana,Zeri,Ekko,Garen,Senna,Swain,Viktor,0
EUW1_7381007156,Ezreal,Pantheon,Riven,Sona,Viktor,Irelia,LeeSin,Mel,Nami,Yone,0
EUW1_7381054659,Camille,Chogath,Poppy,Rengar,Zeri,Gwen,Jhin,Khazix,Rakan,Zilean,0
EUW1_7381111161,Alistar,Nunu,Riven,Tristana,Yone,Ekko,Garen,Jhin,KSante,Leblanc,0
EUW1_7381153363,Aurora,Jhin,Lillia,Senna,Volibear,Bard,MissFortune,Nunu,Riven,Yone,0
EUW1_7381201680,Corki,Ekko,Jhin,Velkoz,Xerath,Karma,Lux,Riven,Varus,Warwick,0
EUW1_7381222347,Darius,Ezreal,Karma,Katarina,Sejuani,Camille,Kaisa,LeeSin,Lulu,Mel,1
EUW1_7381241006,Ambessa,Azir,Graves,Teemo,Zilean,Caitlyn,Elise,Galio,Riven,Zyra,1
EUW1_7381254877,Blitzcrank,DrMundo,Jayce,Kaisa,LeeSin,Gragas,Nautilus,Sion,Xayah,Yone,1
EUW1_7381275310,Karma,Kayle,Talon,XinZhao,Ziggs,Ashe,DrMundo,Graves,Janna,Vladimir,1
EUW1_7381641808,Annie,Bard,Kaisa,Naafiri,Nocturne,Ezreal,Mel,Rell,Riven,Viego,1
EUW1_7381668687,Kaisa,Sion,Soraka,Syndra,Zyra,Ekko,Mel,Nasus,Samira,Thresh,1
EUW1_7381673577,Jhin,Nocturne,Rell,Talon,Velkoz,Aurora,Kaisa,Riven,Thresh,Volibear,1
EUW1_7382264285,LeeSin,Ryze,Thresh,Vayne,Yasuo,Braum,Caitlyn,Ornn,Sejuani,Teemo,1
EUW1_7382300108,Graves,Mel,Tryndamere,Veigar,Zyra,Blitzcrank,Kaisa,LeeSin,Ornn,Ryze,0
EUW1_7383252331,Karthus,Mel,Riven,Varus,Zed,Camille,Ezreal,FiddleSticks,Pantheon,Sylas,1
EUW1_7383311629,Janna,Jinx,Riven,Syndra,Viego,Belveth,Blitzcrank,Nidalee,Xayah,Zoe,1
EUW1_7383354748,Ekko,Gnar,Sivir,Volibear,Zilean,Riven,Shaco,Velkoz,Viego,Yone,0
EUW1_7383442691,Anivia,Pyke,Varus,Viego,Yasuo,Kaisa,Kindred,Malzahar,Nautilus,Volibear,1
EUW1_7383462413,Darius,Irelia,Kaisa,Nautilus,Varus,Annie,Ezreal,Jayce,Taliyah,Volibear,0
EUW1_7383489336,Kaisa,Kennen,Nautilus,Tryndamere,Volibear,Jayce,Lillia,Pyke,Rell,Taliyah,0
EUW1_7383613819,Ashe,Evelynn,Naafiri,Riven,Zoe,Ekko,Jhin,Poppy,Velkoz,Vladimir,1
EUW1_7383627495,Ezreal,Fiora,Kaisa,MonkeyKing,Sylas,Evelynn,Quinn,Swain,Twitch,Yuumi,1
EUW1_7383644638,Hecarim,Janna,Orianna,Twitch,Vladimir,Bard,Jhin,Pantheon,Riven,Taliyah,0
EUW1_7383752164,Ekko,Jhin,Nautilus,Viego,Volibear,DrMundo,Renekton,Twitch,Xerath,Yuumi,1
EUW1_7383768938,Ashe,FiddleSticks,Gwen,Tryndamere,Yone,Chogath,Ezreal,Karma,LeeSin,Taliyah,1
EUW1_7383796527,Akshan,Ambessa,Amumu,FiddleSticks,Jhin,Azir,Bard,Ezreal,Kayle,LeeSin,1
EUW1_7383804577,Ambessa,Galio,Karma,LeeSin,Xayah,Ashe,Fizz,JarvanIV,Kayle,Rell,1
EUW1_7383824606,Briar,Camille,Chogath,Elise,Kaisa,Draven,Leona,Naafiri,Rumble,Taliyah,1
EUW1_7383833203,Camille,Kaisa,Nocturne,Qiyana,Renata,FiddleSticks,Fiora,Jhin,Soraka,TwistedFate,1
EUW1_7383838335,Ambessa,Hwei,Poppy,Talon,Viktor,Akshan,Khazix,Nami,Vladimir,Xayah,1
EUW1_7383860221,Gragas,Janna,Orianna,Shaco,Xayah,Graves,Kaisa,Rakan,Rumble,Viego,1
EUW1_7383875420,Jayce,Mel,Nautilus,Nidalee,Yone,Camille,Ezreal,Nami,TwistedFate,Viego,1
EUW1_7383896085,Darius,Ezreal,Kassadin,Nocturne,Yuumi,JarvanIV,Jinx,Singed,Soraka,Velkoz,0
EUW1_7383914538,Bard,Ezreal,Sett,Sylas,Talon,Draven,Fiora,Nidalee,Pyke,Ryze,0
EUW1_7384064142,DrMundo,Ezreal,Riven,Velkoz,Xerath,Alistar,Darius,FiddleSticks,Kaisa,Lissandra,0
EUW1_7385282533,Fizz,Gangplank,Lucian,Nami,Sejuani,Aurora,Caitlyn,Milio,Mordekaiser,Shaco,0
EUW1_7386586287,Nami,Shaco,Tristana,XinZhao,Yone,Fiora,MissFortune,Rell,TwistedFate,Warwick,0
EUW1_7388163518,Fiora,Leona,Lucian,Naafiri,Vex,Evelynn,Gangplank,Jhin,Kennen,Lux,1
EUW1_7388217498,Kassadin,Lux,Nasus,Vayne,XinZhao,Kayn,Sivir,Talon,Teemo,Yuumi,0
EUW1_7388268938,Blitzcrank,Kaisa,Kayle,Nocturne,Yasuo,Leona,Lissandra,Nasus,Shaco,Vayne,0
EUW1_7388296419,Ahri,Kaisa,Neeko,Shen,Vi,Kalista,Karma,Lillia,Sylas,Warwick,0
EUW1_7388341850,Gangplank,Kaisa,Karthus,Lulu,Syndra,Akshan,Ivern,Senna,Shen,Taliyah,0
EUW1_7388390735,Akali,Corki,Elise,Garen,Ivern,Hwei,Rell,Shen,Varus,Viego,0
EUW1_7389251435,Akali,Anivia,Caitlyn,Fizz,Gragas,Ezreal,Nocturne,Senna,Sett,Sion,1
EUW1_7389781003,Kaisa,Karthus,Nautilus,Urgot,Yasuo,Ezreal,Khazix,Leona,Nidalee,Taliyah,0
EUW1_7389803154,Akshan,Kayn,Pyke,Taliyah,Warwick,Ashe,Cassiopeia,Ivern,Janna,Jayce,1
EUW1_7389814915,Ambessa,Jhin,Taliyah,Udyr,Velkoz,Aurora,KSante,Leona,MissFortune,Volibear,1
EUW1_7389837873,Kayn,Mel,Nasus,Nautilus,Taliyah,Alistar,Ambessa,Jhin,Katarina,Zac,1
EUW1_7389897064,Heimerdinger,Janna,KSante,Nocturne,Vladimir,Akshan,Ezreal,Gragas,Naafiri,Sona,0
EUW1_7389940165,Ezreal,Jayce,Nocturne,Sylas,Thresh,Akali,Maokai,Nasus,Vi,Xayah,0
EUW1_7389956753,Caitlyn,Gwen,Neeko,Viego,Yasuo,Jax,Lillia,MissFortune,Rakan,Tristana,1
EUW1_7390014200,Ashe,Renekton,Senna,Shen,Zeri,Akshan,Galio,Pantheon,Sett,Xayah,0
EUW1_7390021579,Gangplank,Hwei,KSante,Katarina,TahmKench,Annie,JarvanIV,Kindred,Rell,Senna,1
EUW1_7390058468,Heimerdinger,JarvanIV,Jinx,Mordekaiser,Nami,MissFortune,Orianna,Renekton,Soraka,XinZhao,0
EUW1_7390087663,Anivia,Graves,Sion,Varus,Velkoz,Akshan,Diana,Garen,Lulu,Twitch,1
EUW1_7390448828,Blitzcrank,Draven,Ekko,Riven,Syndra,Akshan,Diana,Irelia,Lucian,Milio,1
EUW1_7390455376,Bard,Jhin,Taliyah,Udyr,Yone,DrMundo,Hwei,Jinx,KSante,Karma,1
EUW1_7390487616,Azir,Gangplank,Ivern,Kalista,Nautilus,Caitlyn,FiddleSticks,Garen,JarvanIV,Zoe,1
EUW1_7390504526,Jayce,Jhin,Rakan,Taliyah,XinZhao,Alistar,Kaisa,Naafiri,Orianna,Yasuo,1
EUW1_7390542850,Darius,Ezreal,Leona,Sylas,Warwick,Akali,Gangplank,JarvanIV,Shaco,Varus,1
EUW1_7390561565,Azir,Jhin,Naafiri,Poppy,Sion,Ezreal,Kayle,LeeSin,Lux,Malzahar,1
EUW1_7390565671,Jhin,Nautilus,Sion,Talon,Zoe,Ashe,Blitzcrank,Galio,Gwen,Zyra,0
EUW1_7390611948,Malphite,Smolder,Thresh,Veigar,XinZhao,Akshan,KogMaw,Lux,Shen,Teemo,1
EUW1_7390620926,Ekko,Janna,Kalista,Vladimir,Warwick,Akali,JarvanIV,Jax,Jhin,Poppy,1
EUW1_7390668796,Ivern,Jhin,Pantheon,Rumble,Tristana,Gwen,JarvanIV,MissFortune,Rell,Viktor,0
EUW1_7390952077,Ashe,Azir,Karma,Pantheon,Sion,Neeko,Taliyah,Varus,XinZhao,Yorick,0
EUW1_7391009416,Ezreal,Khazix,Leona,Shen,Taliyah,Gragas,Pantheon,Rumble,Ryze,Varus,1
EUW1_7391547848,Ashe,Blitzcrank,Gnar,Kayn,Taliyah,Lulu,Ryze,Varus,Viego,Yasuo,1
EUW1_7391613827,Ekko,Elise,Irelia,Malphite,Tristana,Akshan,Jayce,Kaisa,Neeko,Warwick,1
EUW1_7391622774,Ambessa,Ashe,Karma,Poppy,Viktor,Lulu,Naafiri,Nilah,Taliyah,Yasuo,1
EUW1_7392304763,Ezreal,Malphite,Sylas,TwistedFate,Warwick,Aatrox,Ekko,Kennen,MissFortune,Yone,1
EUW1_7392335947,Gwen,Leona,Lulu,Pantheon,Sivir,Alistar,Kennen,Syndra,Tristana,Warwick,0
EUW1_7392399557,Gragas,Lucian,Orianna,Rell,Warwick,JarvanIV,Jhin,Neeko,Pantheon,Viktor,1
EUW1_7392440872,Galio,Lucian,Nami,Nasus,Pantheon,Aatrox,Orianna,Thresh,Viego,Yasuo,1
EUW1_7392497250,Anivia,Kaisa,Katarina,Rell,Viego,Alistar,Ekko,Jayce,Jhin,Warwick,0
EUW1_7392546921,Akali,Malphite,MissFortune,Senna,Yorick,Cassiopeia,LeeSin,Morgana,Sion,Smolder,0
EUW1_7392564122,Mel,Pantheon,Rell,Renekton,Taliyah,Ivern,Jinx,Olaf,Thresh,Viktor,1
EUW1_7392577093,Aatrox,Gangplank,Kaisa,Karthus,Morgana,Amumu,Malphite,Nami,Xayah,Xerath,1
EUW1_7392785937,Annie,Singed,XinZhao,Yasuo,Yuumi,DrMundo,Lucian,Mel,Milio,Shaco,1
EUW1_7393301019,Aatrox,Corki,Ekko,Janna,Malzahar,Annie,Gragas,Soraka,Warwick,Zeri,1
EUW1_7393413302,KogMaw,Lulu,Ornn,Twitch,Warwick,Ashe,Corki,Rell,Teemo,Zac,1
EUW1_7393485101,Anivia,Heimerdinger,Poppy,Warwick,Zed,Kaisa,Naafiri,Orianna,Rakan,Zoe,1
EUW1_7393599834,Bard,Camille,DrMundo,Riven,Teemo,Fizz,Illaoi,Irelia,Ryze,Yasuo,1
EUW1_7393612057,Akali,Alistar,Jayce,Lucian,Vi,Diana,Mel,Rakan,Warwick,Xayah,1
EUW1_7393631756,Annie,FiddleSticks,Jhin,Leona,Sona,Katarina,MasterYi,Shen,Taliyah,Warwick,1
EUW1_7393662448,Blitzcrank,Fiora,Mel,Shaco,Vayne,Hecarim,Lulu,Rengar,Shaco,Zilean,1
EUW1_7393980964,Akali,KSante,MissFortune,Rell,XinZhao,Gragas,Gwen,Khazix,Syndra,Tristana,0
EUW1_7394003361,Ezreal,Kayle,Leona,Lillia,Yorick,Jayce,Lucian,Maokai,Nautilus,Xerath,1
EUW1_7394411022,Aatrox,Bard,Hwei,MonkeyKing,Vayne,Caitlyn,Elise,Mordekaiser,Naafiri,Zoe,0
EUW1_7394456347,Ashe,Lillia,Lux,Mel,Sion,JarvanIV,Kayn,Rell,Varus,Xerath,0
EUW1_7395126292,Ahri,Jax,Lux,Shen,Tristana,Annie,Leona,Nunu,Quinn,Twitch,0
EUW1_7395166880,Ahri,Alistar,Riven,Samira,Vi,Annie,Galio,Lux,MissFortune,Shen,1
EUW1_7395372270,Ekko,Jhin,Karma,Nautilus,Riven,Corki,Galio,Nami,Vladimir,Warwick,1
EUW1_7395399965,Diana,Hecarim,Nami,Xayah,Yorick,Akali,Kayn,Leblanc,Sett,Vayne,0
EUW1_7395427592,Aatrox,Rell,Talon,Udyr,Xayah,Fiora,Ivern,Poppy,Samira,Taliyah,0
EUW1_7395445286,Annie,Ashe,Kayn,Lux,Shen,Jhin,Mel,Pantheon,Viego,Yasuo,1
EUW1_7395470685,Jhin,Naafiri,Nasus,Thresh,Zoe,Nautilus,Pantheon,Rumble,Taliyah,Zed,1
EUW1_7395512290,Azir,DrMundo,MissFortune,Rakan,Sion,Ambessa,Ashe,Braum,Ivern,Yone,0
EUW1_7395545009,Akshan,Hecarim,Kaisa,Leblanc,Rumble,Khazix,KogMaw,Riven,Swain,Yasuo,1
EUW1_7395633470,Ashe,Aurora,Kayn,Naafiri,Seraphine,DrMundo,JarvanIV,Riven,Smolder,Taliyah,1
EUW1_7395679971,Akali,Ezreal,Pantheon,Rell,Riven,Ashe,Ekko,Janna,Jayce,Yone,0
EUW1_7395954540,Gnar,Leona,Lillia,Talon,Xayah,Ahri,Neeko,Riven,Varus,Vi,1
EUW1_7395980041,Brand,Irelia,Nasus,Rell,Vi,Akshan,Braum,Ekko,Lucian,Volibear,1
EUW1_7396239916,Ahri,Ezreal,Nautilus,Sion,Viego,Jhin,Karma,Ryze,Sylas,Zed,1
EUW1_7396284218,Darius,Jhin,Rell,Sylas,Viego,Ahri,Ambessa,Bard,Lucian,MonkeyKing,0
EUW1_7396295513,Gragas,Kayn,Neeko,Quinn,Viktor,Annie,Ashe,Swain,Tryndamere,Volibear,0
EUW1_7396336257,Ahri,Jhin,Karma,Kindred,Renekton,DrMundo,Ekko,Elise,Ezreal,Gnar,1
EUW1_7396387498,Annie,Jhin,Talon,Teemo,Zyra,Malphite,Mel,Nami,Xerath,Zed,0
EUW1_7396424169,Annie,Kaisa,Shaco,Urgot,Yorick,Ashe,DrMundo,MonkeyKing,Soraka,Veigar,1
EUW1_7396606408,Braum,Irelia,Ivern,Jinx,Taliyah,Azir,Blitzcrank,Jayce,MissFortune,Vi,0
EUW1_7396745431,Kaisa,Kayle,Thresh,Tryndamere,Udyr,Caitlyn,Lissandra,Quinn,Seraphine,Yorick,1
EUW1_7397188794,Aatrox,Lucian,Nami,Pantheon,Taliyah,Jhin,Karma,Mel,Skarner,Trundle,1
EUW1_7397220447,Akali,Bard,Jayce,Pantheon,Zeri,DrMundo,Irelia,Mel,Nami,Yone,1
EUW1_7398404040,Alistar,Fizz,Kayn,Singed,Smolder,Gangplank,Gragas,Samira,Sejuani,Swain,1
EUW1_7398662813,Annie,Lucian,Mordekaiser,Nami,Shaco,Fiora,Lux,Pyke,Sylas,Vayne,1
EUW1_7399118614,Annie,Braum,DrMundo,Ezreal,Tryndamere,Gragas,Shaco,TahmKench,Tristana,XinZhao,1
EUW1_7399148137,FiddleSticks,LeeSin,Poppy,Warwick,Xayah,Akali,Janna,JarvanIV,Jinx,Shen,1
EUW1_7399253602,Annie,Gangplank,Morgana,Pantheon,Xayah,FiddleSticks,MasterYi,MissFortune,Renekton,Sylas,0
EUW1_7399291364,Braum,Gnar,Kaisa,Viego,Zoe,Draven,Janna,Malphite,Nunu,Viktor,0
EUW1_7399334557,Annie,DrMundo,JarvanIV,Rakan,Samira,Lux,Shen,Smolder,TwistedFate,Viego,0
EUW1_7399375798,Graves,Jhin,Malphite,Viego,Xerath,Caitlyn,DrMundo,JarvanIV,Lux,Milio,0
EUW1_7399407256,Aphelios,JarvanIV,Jayce,Pyke,Sylas,Cassiopeia,Diana,Janna,Sivir,Urgot,1
EUW1_7399446528,KSante,Kayle,MissFortune,Viego,Zyra,Camille,Janna,JarvanIV,TwistedFate,Twitch,1
EUW1_7399489038,Ezreal,MonkeyKing,Sett,Soraka,Vex,Annie,Caitlyn,Janna,Malphite,Udyr,0
EUW1_7399576509,Kled,Milio,MissFortune,Sylas,Vi,Caitlyn,Diana,Mordekaiser,Pyke,Trundle,0
EUW1_7399740725,Heimerdinger,Pyke,Talon,Tristana,Vi,Darius,Jinx,Shen,Sylas,Thresh,0
EUW1_7399771800,Orianna,Sejuani,Shen,Sivir,Thresh,Ahri,Kayle,Lillia,Morgana,Varus,0
EUW1_7399953286,Caitlyn,Fizz,Lillia,Mel,Ornn,Annie,Nocturne,Taric,Vayne,Xerath,1
EUW1_7400451910,Kennen,Leona,MissFortune,Talon,Yorick,Ekko,Gangplank,Kaisa,Lux,Tryndamere,0
EUW1_7400517575,Gangplank,Lillia,MissFortune,Nami,Veigar,Amumu,Draven,Irelia,Lux,Yone,0
EUW1_7401409965,Hecarim,Kennen,Lucian,Nami,Qiyana,Elise,Lux,Ornn,Sivir,Yuumi,1
EUW1_7401762335,AurelionSol,Azir,Diana,Ryze,Smolder,Blitzcrank,Fiora,Karthus,Viktor,Zeri,0
EUW1_7401941379,Ekko,Hwei,Smolder,Vayne,Yuumi,Garen,Jhin,Pantheon,Xerath,Zyra,0
EUW1_7402027911,Annie,Aphelios,JarvanIV,Riven,Senna,Janna,Jinx,Naafiri,Sion,Vex,1
EUW1_7402039529,Annie,Irelia,JarvanIV,Kaisa,Sion,Hecarim,Shen,Thresh,Vayne,Zoe,1
EUW1_7402045034,Brand,Hwei,JarvanIV,Samira,Sion,Ahri,Gangplank,Pantheon,Sivir,Swain,0
EUW1_7402062162,Brand,JarvanIV,MissFortune,Sylas,Vladimir,Ambessa,Braum,Xayah,Zed,Ziggs,1
EUW1_7402107297,Annie,Blitzcrank,Garen,Jhin,MasterYi,Caitlyn,Camille,JarvanIV,KogMaw,Leona,1
EUW1_7402129427,Ezreal,Khazix,Senna,Singed,Viktor,Garen,Hwei,JarvanIV,Lucian,Orianna,1
EUW1_7402144566,Diana,Ezreal,Gnar,Janna,JarvanIV,Aphelios,Briar,Darius,Soraka,Viktor,1
EUW1_7402166151,Caitlyn,Diana,Fiora,Pantheon,Seraphine,Aphelios,Kindred,Morgana,Ornn,Swain,1
EUW1_7402167581,JarvanIV,Malphite,Senna,Smolder,TwistedFate,MonkeyKing,Olaf,Sivir,Thresh,Xerath,0
EUW1_7402195044,Aphelios,AurelionSol,JarvanIV,Leblanc,Smolder,Corki,Jayce,Kennen,Rakan,Volibear,1
EUW1_7402216174,Kindred,Lissandra,Rakan,Vayne,Zeri,Ahri,Darius,Ekko,Rell,Samira,1
EUW1_7402241999,JarvanIV,Kaisa,Karma,Sylas,Teemo,Ekko,Ezreal,Galio,Leona,Malphite,1
EUW1_7402268368,Ahri,Galio,JarvanIV,MissFortune,Twitch,Braum,Diana,Jinx,Rumble,Yone,0
EUW1_7402306690,Amumu,Mel,Mordekaiser,Nami,Yasuo,Braum,DrMundo,JarvanIV,Teemo,Vayne,1
EUW1_7402307962,Amumu,Braum,Kassadin,Vayne,Warwick,Ekko,Ezreal,Malzahar,Milio,Yone,0
EUW1_7402309264,AurelionSol,Ezreal,Karma,Mordekaiser,Shaco,Ashe,JarvanIV,Jinx,Malzahar,Sett,1
EUW1_7402470056,Ahri,Ekko,Jinx,Karma,Kayle,Evelynn,Jhin,Quinn,Yone,Zyra,0
EUW1_7402591576,Caitlyn,DrMundo,Ekko,Sion,Yasuo,Annie,Darius,Leona,MasterYi,Xayah,1
EUW1_7402676677,Ekko,Janna,Jhin,Renekton,Zed,Galio,Gangplank,Khazix,Senna,Sona,1
EUW1_7402705917,Ahri,Ashe,Diana,Teemo,Trundle,Aatrox,Elise,Smolder,Thresh,Xerath,1
EUW1_7402761413,Janna,Shen,Sylas,Talon,Varus,Alistar,Kalista,Kassadin,Vladimir,XinZhao,1
EUW1_7402769060,Azir,Ezreal,Kayn,Nautilus,Sett,Gangplank,Garen,Shen,Shyvana,Smolder,0
EUW1_7402801347,Irelia,Janna,Jinx,Talon,Zoe,Gangplank,Karma,LeeSin,Mordekaiser,Xayah,0
EUW1_7402801606,Ekko,Gnar,Milio,Sivir,Zoe,Braum,Garen,Kaisa,Lillia,Warwick,0
EUW1_7402807944,Amumu,Lucian,Lux,Shen,Sona,Braum,Jayce,MissFortune,Swain,Viego,1
EUW1_7402852176,Ashe,Gangplank,Ornn,Pantheon,Varus,Belveth,Kaisa,Neeko,Volibear,Zed,1
EUW1_7402857055,Hwei,Kayn,Leona,MissFortune,Shen,Ekko,Janna,Lux,Tristana,Trundle,1
EUW1_7402873266,Ahri,Darius,Ekko,Lucian,Milio,Akshan,Malzahar,MasterYi,Pantheon,Samira,1
EUW1_7402878705,Aurora,Brand,Garen,Kaisa,Kayn,Lucian,Mel,Naafiri,Ornn,Yuumi,0
EUW1_7402909515,Bard,Mel,MissFortune,Yone,Zed,Akali,Alistar,Singed,Swain,Viego,1
EUW1_7402922840,Ekko,Fizz,Janna,Renekton,Varus,Alistar,Ambessa,Karthus,Lucian,Malzahar,1
EUW1_7402967954,Ekko,Jhin,Shen,Yone,Yuumi,Galio,Irelia,Kaisa,Neeko,Nocturne,0
EUW1_7402993778,Aatrox,Ekko,Senna,Zoe,Zyra,Ashe,Evelynn,Leona,Syndra,Vayne,1
EUW1_7403021138,Aatrox,Ekko,Mel,Senna,Seraphine,Jhin,KogMaw,Lulu,Rengar,Sett,1
EUW1_7403078212,Ashe,Fizz,Seraphine,Tristana,Zyra,Brand,Gnar,Khazix,Nautilus,Thresh,0
EUW1_7403221523,JarvanIV,Jinx,Sett,Syndra,Vex,Ekko,Garen,MissFortune,Nautilus,Nocturne,1
EUW1_7403236370,Aatrox,Ahri,Ekko,Milio,Varus,Bard,Caitlyn,Elise,Fiora,Zoe,0
EUW1_7403246907,Amumu,Brand,JarvanIV,Mordekaiser,Varus,Azir,Braum,Jhin,Poppy,Renekton,1
EUW1_7403266210,Jinx,Kayn,Leblanc,Morgana,Ornn,Ekko,Irelia,Kaisa,Karma,Urgot,0
EUW1_7403288463,Ahri,Caitlyn,Kayle,Khazix,Nami,Mel,Naafiri,Nidalee,Rell,Sett,0
EUW1_7403298361,Ekko,Olaf,Poppy,Sylas,Varus,Braum,Ezreal,Singed,Taliyah,TwistedFate,1
EUW1_7403318118,Ahri,Caitlyn,JarvanIV,Lux,Sett,DrMundo,Sivir,Teemo,Veigar,Volibear,1
EUW1_7403340052,Ekko,Kaisa,Malphite,Naafiri,Nami,Ezreal,Kassadin,LeeSin,Milio,Volibear,0
EUW1_7403359862,Annie,MonkeyKing,Morgana,Nilah,Tryndamere,JarvanIV,Neeko,Taliyah,Vladimir,Xayah,1
EUW1_7403378245,Aurora,Draven,KSante,Nautilus,Talon,Kayn,Neeko,Varus,Yone,Zoe,0
EUW1_7403493836,Aurora,Ezreal,Jayce,Mel,Sejuani,Braum,Ekko,Jinx,Sylas,Yone,1
EUW1_7403518970,Ekko,Galio,Lucian,Pyke,Sion,Caitlyn,Lillia,Lux,Shen,Yone,0
EUW1_7403559256,Azir,Blitzcrank,Ivern,Sett,Smolder,DrMundo,Lux,Taric,Twitch,Zac,0
EUW1_7403685827,Braum,Fizz,Neeko,Orianna,TwistedFate,Annie,JarvanIV,Kindred,Shen,Twitch,0
EUW1_7403711467,Ambessa,Lissandra,Senna,Talon,Xayah,Evelynn,MissFortune,Rell,Renekton,Zed,0
EUW1_7403741640,Ekko,Jinx,Leblanc,Lulu,Malphite,Caitlyn,DrMundo,Kindred,Talon,Yuumi,0
EUW1_7403753755,Aatrox,Kaisa,Karthus,Senna,Zed,Corki,DrMundo,Ekko,Pyke,Riven,1
EUW1_7403777167,Caitlyn,Ekko,Lux,Nami,Sejuani,Mel,Riven,Smolder,TahmKench,Volibear,1
EUW1_7403810635,Ashe,Elise,Karma,TahmKench,Tristana,Ahri,MissFortune,Nautilus,Sion,Talon,0
EUW1_7403835714,DrMundo,Kalista,Katarina,Kayn,Neeko,Ekko,Lucian,Nami,Pantheon,Taliyah,1
EUW1_7403847940,Braum,Kaisa,Pantheon,Smolder,Sylas,Jax,Lucian,Nami,Viego,Xerath,0
EUW1_7403892239,Ezreal,FiddleSticks,Jax,KSante,Rakan,Braum,MissFortune,Sion,Vayne,Zed,1
EUW1_7403940907,Camille,Kaisa,Kennen,Nami,Volibear,Ekko,Lucian,Urgot,Varus,Velkoz,1
EUW1_7403946083,Kayle,Neeko,Sylas,Talon,Varus,Blitzcrank,Galio,Gangplank,Kaisa,Udyr,1
EUW1_7403982799,Bard,Camille,Kennen,Varus,Volibear,Akali,Alistar,Ekko,Senna,Sett,1
EUW1_7404004365,Diana,Elise,Urgot,Vayne,Velkoz,Gwen,Karma,Katarina,Lucian,Nasus,1
EUW1_7404006018,Jax,Malzahar,Rakan,Talon,Xayah,Alistar,Aphelios,Gragas,Lux,Volibear,0
EUW1_7404054539,Azir,MissFortune,Rell,Rengar,Sion,Braum,DrMundo,Ekko,Lucian,Riven,0
EUW1_7404055757,Annie,Elise,Jhin,TahmKench,Zyra,Alistar,Belveth,Katarina,Ryze,Samira,0
EUW1_7404089247,Gangplank,Jinx,Ryze,Thresh,Viego,Hecarim,Lucian,Nami,Sion,Viktor,1
EUW1_7404110420,Jax,Lucian,Milio,Riven,Talon,Ashe,Elise,Jhin,Olaf,Zed,1
EUW1_7404158235,Ezreal,Naafiri,Nasus,Viktor,Yuumi,Amumu,Belveth,Caitlyn,MonkeyKing,Sona,1
EUW1_7404178332,Darius,Ezreal,Katarina,Milio,Nocturne,Kayn,Mel,Sett,Smolder,Yone,0
EUW1_7404192147,Mordekaiser,Pyke,Skarner,Urgot,Zeri,Gangplank,MissFortune,Nautilus,Vayne,Vladimir,0
EUW1_7404356599,Ivern,MonkeyKing,Neeko,Varus,Yasuo,Azir,Ezreal,Garen,Karma,Zed,0
EUW1_7404389500,Ezreal,JarvanIV,Malphite,Rumble,Taric,Ekko,Jinx,Karma,Vladimir,Yasuo,0
EUW1_7404417102,JarvanIV,Jayce,Jhin,Mel,Pantheon,Janna,Jinx,Khazix,Renekton,Xerath,0
EUW1_7404421234,Akali,Jhin,Viego,Vladimir,Zilean,Aatrox,Graves,Lucian,Swain,Veigar,1
EUW1_7404475959,Bard,Kaisa,Kayn,Rumble,Zed,Ashe,Camille,Janna,Syndra,Talon,1
EUW1_7404525549,Darius,Leblanc,Tristana,Yone,Yorick,Aurora,Briar,Kalista,Kindred,Leona,1
EUW1_7404542113,Annie,Darius,Pantheon,Rakan,Tristana,Azir,Camille,Jhin,Swain,Zed,0
EUW1_7404551455,Jayce,MissFortune,Neeko,Rengar,Viktor,Lucian,Malphite,Nami,Syndra,Viego,0
EUW1_7404579423,Briar,Kaisa,Pyke,Syndra,Volibear,Azir,Caitlyn,Leona,Shen,Vi,0
EUW1_7404597279,Camille,Jhin,Nautilus,Viego,Viktor,KSante,Khazix,Lucian,Nami,Zoe,0
EUW1_7404636742,Annie,Elise,Ezreal,Poppy,Yasuo,Anivia,Braum,DrMundo,JarvanIV,Kaisa,0
EUW1_7404660038,Blitzcrank,KSante,Kaisa,Riven,Sylas,Gwen,Hwei,Leona,Qiyana,Yone,0
EUW1_7404696086,Gangplank,MasterYi,Nautilus,Sylas,Zeri,Gwen,Jhin,Rell,Talon,Veigar,0
EUW1_7404700383,Camille,Ezreal,Leona,Pantheon,Taliyah,Diana,Jinx,Poppy,Renekton,XinZhao,1
EUW1_7404709485,Braum,Khazix,Nilah,Olaf,Viktor,Akali,Lucian,Nami,Nasus,Sejuani,1
EUW1_7404719442,Gangplank,Jinx,Mordekaiser,Nami,Vi,Fizz,Rengar,Xerath,Zac,Zeri,1
EUW1_7404744987,Ashe,JarvanIV,Leblanc,Singed,Thresh,Corki,MasterYi,MonkeyKing,Seraphine,Taliyah,1
EUW1_7404746051,Elise,Gangplank,Pantheon,Vladimir,Xayah,Ahri,Fiora,MissFortune,Rakan,Rengar,0
EUW1_7404773147,Brand,Gangplank,Kaisa,Mordekaiser,Nocturne,Ahri,Diana,MissFortune,Sion,Thresh,0
EUW1_7404822699,Gragas,Leblanc,Senna,Shen,Sivir,Ahri,Bard,Jinx,Sion,Udyr,1
EUW1_7404895155,Ezreal,Khazix,Rell,Sylas,Yorick,Corki,Nautilus,Rumble,Senna,XinZhao,1
EUW1_7404932983,Ahri,Caitlyn,MissFortune,Rammus,Renekton,Akali,TahmKench,Talon,Tristana,Viego,0
EUW1_7404951511,Amumu,Kled,Rell,Samira,Sylas,Darius,JarvanIV,Katarina,Lulu,Vayne,0
EUW1_7404978652,Ahri,Gwen,Nilah,Senna,Shaco,Alistar,AurelionSol,Jax,Naafiri,Swain,1
EUW1_7404991429,Diana,Jinx,Kassadin,Milio,Trundle,Braum,Gragas,JarvanIV,Smolder,Xayah,0
EUW1_7405052885,Ashe,JarvanIV,Kayle,Velkoz,Zed,Aphelios,FiddleSticks,Qiyana,Rakan,Zoe,1
EUW1_7405098967,Nautilus,Nidalee,Riven,Seraphine,Sion,Caitlyn,Ekko,Irelia,Rell,Yasuo,0
EUW1_7405121726,Akali,JarvanIV,Jinx,Lux,Teemo,Alistar,Heimerdinger,KogMaw,Malphite,Zeri,0
EUW1_7405146088,Ekko,Irelia,Karma,Tristana,Varus,Fiora,Hwei,Jhin,Neeko,Shaco,1
EUW1_7405294062,Amumu,Diana,Rengar,Xayah,Yasuo,Milio,Riven,Sylas,Talon,Varus,0
EUW1_7405331174,Fiora,Lucian,Syndra,Taliyah,Yuumi,Kaisa,Leona,Shen,Xerath,Zed,0
EUW1_7405353989,Akali,Karma,MissFortune,Vladimir,Zed,Elise,Shen,Varus,Viego,Yone,0
EUW1_7405367185,Corki,Karthus,Lulu,Sett,Tristana,Janna,Kayn,Varus,Vladimir,Volibear,0
EUW1_7405444554,Diana,Jax,Leona,Lucian,XinZhao,Azir,Garen,Mel,Olaf,Tristana,1
EUW1_7405458992,Akali,KSante,Lucian,Nami,Talon,Ambessa,Blitzcrank,Draven,Syndra,Viego,0
EUW1_7405485769,Aatrox,Kayn,Shen,Syndra,Varus,Jhin,Rumble,Viego,Zilean,Zoe,0
EUW1_7405500199,Alistar,Kaisa,Pantheon,Riven,Taliyah,Akali,Azir,Braum,DrMundo,Senna,1
EUW1_7405504684,Lillia,MissFortune,Neeko,Sion,Yone,Draven,Gwen,Rell,Volibear,Zilean,1
EUW1_7405516176,Azir,Jayce,Lucian,Nami,Nidalee,Aatrox,Jhin,Karma,Naafiri,Zyra,0
EUW1_7405521641,Ekko,Gragas,Karma,Senna,Sett,Ahri,Ezreal,LeeSin,Vayne,Yuumi,0
EUW1_7405526381,Darius,Ezreal,Gragas,JarvanIV,Mel,Orianna,Sejuani,Shaco,Soraka,Xayah,0
EUW1_7405543188,Aurora,Jax,Lucian,Pantheon,XinZhao,Belveth,KSante,Kayle,Thresh,Tristana,1
EUW1_7405569081,DrMundo,Jayce,Jhin,Orianna,Pantheon,Elise,Ivern,Lucian,Rumble,Tristana,0
EUW1_7405570726,Ashe,Fizz,Karma,Renekton,Sejuani,Ezreal,Galio,Gragas,Pyke,Talon,1
EUW1_7405577597,Aatrox,Lulu,Sylas,Tristana,Volibear,Hecarim,Kaisa,Nautilus,Riven,Vladimir,0
EUW1_7405591293,Caitlyn,Karma,Mordekaiser,Senna,Volibear,Hwei,Maokai,Nautilus,Samira,Trundle,1
EUW1_7405604564,Ahri,Ezreal,Jayce,Nautilus,Nunu,Lucian,Nami,Riven,Zed,Zoe,0
EUW1_7405618737,Hwei,Mordekaiser,Morgana,Naafiri,Twitch,Galio,Kaisa,Lillia,Volibear,Zed,1
EUW1_7405633370,MissFortune,Neeko,Nunu,Poppy,Xerath,JarvanIV,Jayce,Pyke,Warwick,Ziggs,0
EUW1_7405639403,Brand,Pyke,Sylas,Twitch,Zac,Ahri,Blitzcrank,Teemo,Tristana,Yorick,0
EUW1_7405709482,Gwen,Illaoi,Leblanc,Pyke,Senna,Gnar,Kayle,Lucian,Poppy,Swain,0
EUW1_7405714970,Amumu,Gwen,Jinx,Nautilus,Orianna,Kindred,Mel,MissFortune,Veigar,Yorick,0
EUW1_7405771708,Gangplank,Gnar,Kaisa,Khazix,Yuumi,Jhin,Renekton,Smolder,Volibear,Zilean,0
EUW1_7405838083,Galio,Gragas,Soraka,Varus,Zed,Rakan,TwistedFate,Viego,Xayah,Yorick,1
EUW1_7405848987,Belveth,Fizz,Illaoi,Senna,Twitch,Lulu,Lux,Nasus,Vayne,Viego,0
EUW1_7405885957,Ezreal,Garen,JarvanIV,Vex,Xerath,Mel,Mordekaiser,Pantheon,Renata,Smolder,0
EUW1_7405894419,FiddleSticks,Jax,Kaisa,Renata,Yone,Mel,MissFortune,Rammus,Senna,Sion,0
EUW1_7405898514,Ezreal,Fizz,Illaoi,Karma,Shaco,Diana,Jax,Jhin,Malphite,Xerath,1
EUW1_7405900469,Garen,JarvanIV,Kaisa,Shaco,Yone,Amumu,Mel,Rell,Sivir,Teemo,0
EUW1_7405940072,Akali,Braum,Gwen,Varus,Viego,Evelynn,Kennen,MissFortune,Rell,Tristana,1
EUW1_7405943728,Ezreal,Galio,Jhin,Trundle,Zyra,Kaisa,Malphite,Rakan,Shaco,Tryndamere,1
EUW1_7405960342,Galio,Kayn,Sett,Soraka,Swain,Malzahar,Smolder,Vayne,XinZhao,Yuumi,0
EUW1_7405965123,Corki,Ekko,Olaf,Senna,Shaco,Katarina,Malphite,Sylas,Vayne,Warwick,0
EUW1_7405996811,Camille,Kindred,Taric,Tristana,Vex,Darius,LeeSin,Talon,Veigar,Ziggs,0
EUW1_7406010774,Jax,Leona,MissFortune,Sylas,Zed,Ahri,Kalista,Kennen,Renata,Viego,0
EUW1_7406021842,Camille,LeeSin,Smolder,Thresh,Xerath,Diana,Ezreal,Jayce,Morgana,Yasuo,0
EUW1_7406023222,Jinx,Pyke,Tryndamere,Volibear,Yasuo,Blitzcrank,Darius,Ekko,Jhin,Shaco,0
EUW1_7406083295,Alistar,Azir,Jhin,Talon,Vladimir,Jinx,LeeSin,Shen,Sylas,Thresh,0
EUW1_7406103590,Ahri,Amumu,Ezreal,Sion,Thresh,Fiora,JarvanIV,Lux,Teemo,Xayah,1
EUW1_7406116403,Gwen,Jhin,KSante,Leblanc,Lux,Ekko,Pyke,Shaco,Vayne,Veigar,0
EUW1_7406193047,Nami,Olaf,Varus,Viktor,Zed,Darius,Karthus,Lucian,Shen,Tristana,1
EUW1_7406210736,Ambessa,Caitlyn,Ekko,Lulu,Viktor,JarvanIV,KogMaw,Lux,Malzahar,Riven,1
EUW1_7406320469,Camille,Lux,Varus,Volibear,Zyra,Ekko,Ornn,Shaco,Twitch,Yuumi,1
EUW1_7406338240,Darius,Ivern,JarvanIV,Lux,Malzahar,Jhin,Neeko,Quinn,Shaco,Yasuo,1
EUW1_7406358983,Ashe,Darius,JarvanIV,Seraphine,Vayne,Belveth,Heimerdinger,Jinx,Morgana,Yasuo,0
EUW1_7406372414,Brand,Karma,Leblanc,Mel,Sona,Jax,Kled,KogMaw,Milio,Poppy,1
EUW1_7406479916,Ahri,Lucian,Nami,Shen,Zed,Galio,Kindred,Nautilus,Riven,Senna,1
EUW1_7406486328,Ezreal,Hecarim,Karma,Neeko,Riven,Elise,Jhin,Renekton,Ryze,Viego,1
EUW1_7406513094,Ahri,Ambessa,Kaisa,Rakan,Viego,Ekko,Elise,Lucian,Renekton,Soraka,0
EUW1_7406514863,Gnar,Janna,MissFortune,Syndra,Zed,Corki,Karthus,Lucian,Nami,Sion,1
EUW1_7406535658,Braum,Cassiopeia,Lucian,Vayne,Viego,Ekko,Elise,Ezreal,Jayce,Malphite,0
EUW1_7406536256,KSante,Karthus,Nautilus,Nilah,Vex,Alistar,Gwen,Kaisa,Rengar,Yasuo,1
EUW1_7406551144,Gangplank,Jinx,Lissandra,Seraphine,Viego,Katarina,Teemo,Warwick,Yuumi,Zeri,1
EUW1_7406552310,Darius,Lulu,Senna,Syndra,Viego,Corki,Karthus,Nautilus,Shen,Zeri,0
EUW1_7406555450,Kaisa,Nautilus,Veigar,Viego,Warwick,Ezreal,Nunu,Urgot,Vladimir,Zoe,1
EUW1_7406577971,Leblanc,Neeko,Rumble,Senna,XinZhao,Akali,Alistar,Corki,Karthus,Smolder,0
EUW1_7406586011,Akshan,Elise,Shen,Sona,Tristana,Kaisa,Kayle,Mordekaiser,Rakan,Zed,0
EUW1_7406599090,Jax,Karthus,Nami,Tristana,Varus,Blitzcrank,Jhin,LeeSin,Riven,Zoe,0
EUW1_7406604583,Darius,Ekko,Milio,Twitch,Zoe,Braum,Fiora,Jinx,Katarina,MonkeyKing,0
EUW1_7406604792,Gangplank,Mel,Rell,Varus,Viego,Alistar,Kennen,MissFortune,Pantheon,Ryze,0
EUW1_7406619939,AurelionSol,Karthus,Lucian,Nami,Sett,Katarina,Lux,Pantheon,Senna,Vladimir,1
EUW1_7406632092,Akali,Belveth,Lucian,Sona,Sylas,Ashe,Ornn,Shen,Smolder,Taliyah,1
EUW1_7406652993,Corki,Heimerdinger,MonkeyKing,Pyke,Ryze,Braum,Leblanc,Udyr,Varus,Vladimir,0
EUW1_7406669180,Alistar,Orianna,Pantheon,Sion,Varus,Akali,Camille,Mel,Nautilus,Zed,1
EUW1_7406696473,Ekko,Jayce,Poppy,Taliyah,Twitch,Mel,Naafiri,Neeko,Tristana,Vayne,1
EUW1_7406697379,Ashe,Braum,Gragas,Kindred,Shen,Aphelios,Blitzcrank,Kennen,Sylas,Viego,0
EUW1_7406731507,MasterYi,Renata,Riven,Taliyah,Varus,Jax,Kayle,Lucian,Nautilus,Viego,0
EUW1_7406741912,Aphelios,FiddleSticks,Galio,Leona,Zed,Blitzcrank,Darius,Lillia,Shen,Xayah,1
EUW1_7406771452,Brand,Braum,Kaisa,Lucian,Shen,Akali,Garen,MissFortune,Nautilus,Skarner,0
EUW1_7406781726,Ekko,Malphite,Morgana,Smolder,Yone,Draven,Malzahar,Olaf,Thresh,Warwick,1
EUW1_7406789161,Ekko,Lucian,Ornn,Pantheon,Yone,Corki,Karthus,Leblanc,Malphite,Nami,1
EUW1_7406818742,Elise,Leona,Mel,Nilah,Renekton,Ahri,Lucian,Nami,Rumble,XinZhao,0
EUW1_7406820001,Azir,Jayce,Kaisa,Poppy,Talon,Jhin,Taliyah,Viego,Yorick,Zac,0
EUW1_7406842634,Belveth,Fizz,Nami,Nilah,Renekton,Lux,Nautilus,Nocturne,Xayah,Yorick,1
EUW1_7406856836,Blitzcrank,Elise,MissFortune,Ornn,Taliyah,DrMundo,Lucian,Nami,Nocturne,Nunu,1
EUW1_7406896392,Corki,Jayce,Karthus,Varus,Zac,Irelia,Ivern,Leblanc,Lucian,Nami,0
EUW1_7406899049,Ashe,Pyke,Talon,Vladimir,Warwick,DrMundo,Ekko,Fizz,Mel,Nami,0
EUW1_7406949702,Annie,Jax,Jhin,Karma,Karthus,Diana,Kaisa,Rell,Tristana,Zoe,0
EUW1_7406972671,Jhin,Karma,Malphite,Viego,Yasuo,DrMundo,Ekko,Fizz,MissFortune,Zyra,1
EUW1_7406984382,Corki,Karthus,Rell,Riven,Zoe,AurelionSol,Gangplank,Naafiri,Senna,Vladimir,0
EUW1_7407008946,MonkeyKing,Mordekaiser,Pyke,Talon,Vayne,DrMundo,Ekko,Fizz,Leona,Varus,1
EUW1_7407044375,Aurora,Jhin,Karma,XinZhao,Zoe,Ashe,Karthus,Katarina,Riven,Soraka,1
EUW1_7407053329,Annie,Khazix,Leona,Samira,Vladimir,Braum,Ivern,MissFortune,Talon,Yasuo,1
EUW1_7407078061,Galio,KSante,Pyke,Samira,Zed,Ekko,Jinx,Lulu,Lux,Malphite,0
EUW1_7407081163,Aatrox,Caitlyn,JarvanIV,Karma,Zoe,Kaisa,Kled,Lucian,Nami,XinZhao,1
EUW1_7407086466,DrMundo,Hwei,MissFortune,Velkoz,XinZhao,Azir,Jhin,Lux,Udyr,Viego,1
EUW1_7407089177,Karthus,Rell,Renekton,Senna,Yasuo,Diana,Katarina,Nidalee,Renata,Varus,0
EUW1_7407142427,Ekko,Nautilus,Senna,Sion,Udyr,DrMundo,Kalista,Qiyana,Rell,Teemo,0
EUW1_7407194254,FiddleSticks,Karma,Kassadin,Viktor,Yasuo,Ekko,Mel,Poppy,Shen,Smolder,0
EUW1_7407194476,Ekko,MissFortune,Rell,Teemo,Udyr,Alistar,Jayce,Nunu,Smolder,Viktor,1
EUW1_7407195883,Katarina,MissFortune,Rengar,Rumble,Thresh,Janna,Jhin,Malphite,MasterYi,Veigar,1
EUW1_7407204908,Blitzcrank,JarvanIV,Kennen,MissFortune,MonkeyKing,Katarina,Nautilus,Riven,Smolder,Viego,0
EUW1_7407237005,Aurora,Heimerdinger,Jayce,Nasus,Pantheon,Darius,Draven,FiddleSticks,Poppy,Sylas,0
EUW1_7407237713,Aurora,Ezreal,Nocturne,Senna,Vladimir,Ambessa,Corki,Janna,Kaisa,Karthus,0
EUW1_7407242369,Mel,Milio,Sion,Vayne,Vi,Ekko,Orianna,Pyke,Tristana,Trundle,1
EUW1_7407258333,MonkeyKing,Morgana,Smolder,Yasuo,Zac,Kayle,Leona,Neeko,Shaco,Twitch,0
EUW1_7407274220,Belveth,Caitlyn,Gwen,Nami,Sylas,Alistar,Kindred,Sett,Velkoz,Yasuo,1
EUW1_7407283127,Hwei,Irelia,Jhin,Neeko,XinZhao,Rumble,Senna,Sion,Tristana,Udyr,1
EUW1_7407292020,Ezreal,Hecarim,Smolder,TahmKench,Volibear,Fiora,Kaisa,Nautilus,Sylas,Talon,1
EUW1_7407299007,Gragas,Morgana,TahmKench,Volibear,Zeri,Ahri,Belveth,Corki,Darius,Nautilus,1
EUW1_7407312201,Rell,Riven,Syndra,Udyr,Zeri,Anivia,Elise,Nocturne,Senna,Yone,1
EUW1_7407326507,JarvanIV,TahmKench,Taliyah,Yuumi,Zeri,Ekko,Fiora,Galio,Kaisa,Karma,0
EUW1_7407332351,Corki,Karthus,Lucian,Nami,Qiyana,Akali,Mel,Naafiri,Senna,Vex,1
EUW1_7407336137,Draven,Gragas,Kaisa,Kayn,Urgot,Corki,Darius,Nautilus,Olaf,Riven,1
EUW1_7407348328,Aurora,Belveth,Blitzcrank,Jhin,Veigar,Ezreal,Hwei,Khazix,Nautilus,Trundle,1
EUW1_7407356868,Ahri,Jax,Jhin,Milio,Udyr,Anivia,Aurora,Kalista,Nautilus,Nocturne,1
EUW1_7407357474,FiddleSticks,Jhin,Lucian,Samira,Ziggs,Kennen,Nunu,Soraka,TahmKench,Zilean,1
EUW1_7407373967,KSante,Kindred,MissFortune,Taliyah,Zilean,Karthus,Nautilus,Qiyana,Swain,Vayne,0
EUW1_7407382027,AurelionSol,Ezreal,Karma,Kindred,Ornn,Bard,Jayce,Jhin,Xerath,XinZhao,1
EUW1_7407387505,Jayce,Lissandra,Ornn,TwistedFate,Xayah,Milio,MonkeyKing,Sylas,Tristana,Ziggs,1
EUW1_7407527528,Corki,Jax,Rengar,Sona,Syndra,Ekko,Gragas,MissFortune,Rell,Tristana,0
EUW1_7407536487,Aatrox,Lucian,Nami,Neeko,Viego,Hwei,Lulu,Nidalee,Sion,Varus,1
EUW1_7407545506,Amumu,Ezreal,Talon,Vayne,Velkoz,Aatrox,DrMundo,Galio,Jinx,Nami,1
EUW1_7407564691,Elise,JarvanIV,Kaisa,Lux,Sion,Aatrox,Ashe,Karthus,Smolder,Thresh,1
EUW1_7407565687,DrMundo,Ekko,Leona,Malzahar,Viktor,Evelynn,Garen,MissFortune,Rell,Zed,1
EUW1_7407575027,Annie,Ezreal,Jayce,Rumble,Senna,Corki,MissFortune,Nautilus,Pantheon,Teemo,1
EUW1_7407581389,Ivern,Rell,Seraphine,Tristana,Vladimir,Aatrox,Azir,JarvanIV,Kaisa,Nautilus,0
EUW1_7407608561,Lucian,Nautilus,Shen,Viego,Ziggs,Braum,Ezreal,Jayce,Xerath,XinZhao,0
EUW1_7407616301,Ashe,Belveth,DrMundo,Poppy,Taliyah,Kayle,Lillia,Rell,Samira,Zed,1
EUW1_7407625545,Elise,Hwei,Pyke,Sett,Smolder,Caitlyn,Ekko,Teemo,Thresh,Udyr,0
EUW1_7407631121,Gragas,Nasus,Tristana,Viego,Yuumi,Annie,Katarina,Rell,Shaco,Warwick,1
EUW1_7407648708,Alistar,Azir,Kaisa,MasterYi,Rumble,Galio,Jayce,Senna,Syndra,Taliyah,1
EUW1_7407648950,Azir,DrMundo,JarvanIV,Leona,Lucian,Alistar,Karthus,Senna,Teemo,Yone,0
EUW1_7407656812,Elise,Jinx,Mel,Nasus,Viego,Hwei,Irelia,JarvanIV,Leona,Taliyah,0
EUW1_7407675276,Ambessa,Azir,MissFortune,Nami,Vi,Bard,Ezreal,Kennen,Pantheon,Taliyah,0
EUW1_7407688858,Amumu,Neeko,Orianna,Smolder,Trundle,Belveth,Ekko,Jax,Jhin,Soraka,1
EUW1_7407694172,Corki,Elise,Ezreal,Kennen,Nautilus,Karthus,Lulu,Senna,Sett,Yorick,0
EUW1_7407710200,Bard,Ezreal,Gragas,Taliyah,XinZhao,Ashe,Chogath,Corki,Elise,Lulu,1
EUW1_7407727398,JarvanIV,Nami,Neeko,Poppy,Senna,Ashe,Khazix,Mel,Riven,Seraphine,1
EUW1_7407729389,Lucian,Maokai,Naafiri,Rumble,Syndra,Irelia,Rell,Senna,Taliyah,Udyr,0
EUW1_7407739115,Brand,Karma,Lux,Olaf,Tristana,Corki,Naafiri,Nami,Nasus,Neeko,1
EUW1_7407748037,Ambessa,Karthus,Senna,Soraka,Yone,Kaisa,Karma,Kayn,Lissandra,Rumble,0
